s,rt,scans
LLALLPTLLVQGAHD,3579.6,2870
SGDTMVKTALSTPLH,1525.2,3762
NPRLAKLLSPLSHVD,4475.400000000001,3725
ELSYSTDLRLAKVME,2154.0,1697
KEPYKLMLSDRHPLA,2104.7999999999997,3978
FGPASFARLETAFAN,3208.2,2771
DPLAWLQNPKLTGVN,2830.8,2403
PSVVQLKGTFTYNKM,1845.0,1839
SFFDSSFAPYLTTQH,3118.7999999999997,1463
AHLYLNHLDALKVQL,4461.6,2031
NPYVTLKGLTQSVGE,2337.0,996
FAAVLTRVLPGKLLA,3619.2,3926
LLRMPDLPVMLYSNS,3493.7999999999997,2829
LDHNTQLHLKHNVLS,1374.0,2174
PATLKAVKDTFEDRA,1564.8,1837
ELHVMNLLSALPTRP,3357.6,3173
TSLAYARLTALKSNG,1601.4,1813
YDLDKVVQYDSGTAL,2348.4,3521
NHGLVLLEGKPLTAS,1827.0,2238
PKEQDRLVQASPLEM,1640.4,1342
KLKTSPMKALYPLTT,2722.2,1226
YPKTKLTDWD,1486.8000000000002,1553
NKPVLLKSSNLGKRA,1193.4,3821
SADLNLLNNPELFTH,2713.7999999999997,3379
ATFRGLKVGYTAHLR,1964.4,1449
QLGNALLRMPDLPVM,3402.0,2828
LTNFLVKRTHLAVVQ,2623.7999999999997,3505
PQASFDVSHNHELSL,1693.1999999999998,3985
PSRSFTKNAAVKPKL,1247.3999999999999,1556
HFVDMAGHNF,1584.6,3269
SMSFEVNLGR,2007.6000000000001,2858
TLADYLVSLPVTHLT,3399.0,1011
DSVLEHFKQKSTVFL,3092.4,2451
FPDTPEEKWM,2175.0,2840
ARARLVGLASAYQRQ,1660.2,2456
PLLSNSLARLYLQEL,4077.5999999999995,3540
SGVMNTFRAFSLSDS,2499.6,3243
LPVWLAYRVA,2888.4,3848
AQDLLRTLVDTANSL,3780.0,2432
SDLKYSWKTW,1951.2000000000003,54
SNLYFPGEPTYLTHR,1960.2,907
AEHSGTSHNL,813.6,2109
YEFSYPKSSN,1453.1999999999998,1723
DDHVVSKAKRRVSEP,1137.0,2043
FEEVMRGKFG,1365.6000000000001,3530
VLFEAAHSNF,1916.4,1273
HEEPLPMATY,1768.1999999999998,992
VLLLGRLPGQLPLSV,3562.8,2812
ETPLYDLQALKDLFL,4441.2,2133
EENHPFTLRA,1250.4,989
NDLKYSWKTW,1938.6000000000001,37
DEYAHNFRF,1621.8000000000002,1770
FLDTGVYSHGHSLRL,1995.0,1728
DEELLKSLHW,2443.2,1937
MFTTNLWMKF,3325.2000000000003,486
FEAAHSNFF,1889.3999999999999,94
LPVWLSYKVA,2695.2000000000003,296
SRNSTHEMYW,1320.0,2957
TMWHVTRGSV,1349.3999999999999,860
PPVFGSADSLRLDSV,2480.4,3082
YMLMLQKFFA,3756.0,4057
FTNMEAQLLR,1824.6,3328
QDMPLLASKY,1864.2,2705
LLLTLLHHF,4472.400000000001,1897
HWLRKDVTSAADLET,2104.2,2081
SLVEHLAVHFPGRDR,2295.6,2196
AAYKFKATVY,1356.0,2775
LAGPLSQHNY,1224.6,1649
EMLKYMTLVSAAERQ,2371.2000000000003,3500
MELQRLFPLY,3273.0,2064
LEHKAHFATW,1504.2,1655
LFEAAHSNF,1624.8,901
TENGVSVSKY,968.9999999999999,3258
FPGEPTYLTH,1827.6000000000001,430
SEKTLVLATRYYLLQ,3435.6,3148
TPELVRSALPPTSKL,1694.3999999999999,1247
MTDKTPVHSW,1083.0,1337
APNFPLHYW,2537.4,1992
VEPWLKNNQF,2002.1999999999998,1853
FSQHNYRQGY,898.8000000000001,1384
PWASQKHSY,881.4,2148
LPFSTEDGQG,1639.8,2409
FVDYLYLAHF,3228.6000000000004,3351
NGTYNLTGASPLYSP,2380.2000000000003,3998
KVDVPLYGRY,1536.6,1432
HEYNLALFR,1807.2,1558
TPHLTVGWNW,2784.6,2207
NELAFPDATH,1674.0,2696
QEGAMHSAL,1012.8,3632
VFLYRLAGPTRAVFV,4354.8,3401
QELTSLYAHY,1858.1999999999998,3297
LPKDQLYLNRNELFN,2027.3999999999999,3464
LPYKDLPGYY,1972.1999999999998,2215
TEYQFKRPPG,988.1999999999999,3523
HENKNSYQF,961.8000000000001,3033
MENLLWKQL,2283.0,6748
ASPLYSPCFK,4335.6,2519
TEYFTRGVLY,2105.4,1327
EELLKSLHW,2119.2,1938
MGTFLRTHGLSNRDL,2130.6,2355
EEMFKKRNL,1076.4,3192
EESYYHLAARLATSL,3543.6000000000004,2944
GPGHEEPVPM,1182.6000000000001,2687
LEKTKTDFGF,1436.4,28
VPTALLQWGW,3880.8,1394
EENKSQDMFL,1786.2,1755
FGPWYRTLQERLVLD,4328.4,3049
QEMLKYMTLV,2523.0,3501
SELQFLHDLE,2326.8,3937
SEYQKSVYFW,2377.8,771
FPHLKEELAK,1365.0,3155
LEDLTRSYVNALPSD,2149.7999999999997,1638
FPGLKQNTSW,1865.4,3698
WLSYKVASA,1713.6,884
FPLNEDLYSD,2478.0,3779
EPNFAERNFW,2321.3999999999996,3843
PVLPPQWFY,3483.0,1635
FVYAFTAAK,1834.2,2141
MSSGAWNLLK,2037.0000000000002,2547
LPDEPSDDF,2012.3999999999999,1544
FALLYDMPFV,4130.400000000001,1604
GEHQKFVREL,1248.0,2194
FPVLDKTGEF,2238.6000000000004,1599
RSAFTQHSVF,1352.3999999999999,3228
TMANLRDFLY,2708.4,3789
TPQPMELKY,1612.2,351
YLMTLMKGA,2034.6,803
SLLFKTSVGV,2197.2,1732
YENLKYSVLV,1952.9999999999998,526
FPDATHLEDL,2263.7999999999997,3715
TYLMGFKRL,1903.1999999999998,3697
LVMATFRGLK,1627.2,1453
REHALEPDDW,1536.6,1873
EEWRDGLNGTAAALV,2307.0,1437
SELLLAHYLH,1958.4,2248
SEENKSQDMF,1198.8,1756
MELHAGFDA,1645.2,1371
TEYFTRGVL,1912.2,1326
SENLFLNHPG,1543.8,3048
KVPVPVALEK,1294.2,589
PSVMVSRLTHTNTRG,1118.4,1413
EPWLKNNQF,1883.4,1852
KEVSAYMSKL,1320.0,3598
LGHKYTLTKTYTLSL,3766.8,2263
AEEFLHHFAL,2209.7999999999997,2832
HPAETDLSFF,2384.4,1688
AEWFLFSRTH,2459.4,3990
DRVYTVGVPPRLLLY,3396.0,1740
MPTVLEELEK,2223.0,2581
TPTPTPHQY,894.0,1834
RALLNRLYTTRYNSS,1599.6,1796
QEAAFDAHRF,1245.6000000000001,1739
REALGAVQKY,1008.0,2761
AYLERAQNVF,1774.8,2825
KEENMVKSLV,1332.6000000000001,3424
FLHYGGLDLV,2773.7999999999997,3858
LELVPLPTEY,3106.2000000000003,2818
HLAQYLLRDASPLRG,3540.6,2980
RLAGPTRAVF,1375.2,3402
AVLTRVLPGKLLAHA,2572.8,3924
LLFLNDMGKV,2760.0,2168
SEAFPVEYLM,3333.0,1415
LWRVVNTKTKNVLSE,1758.6,1627
REFVEYLGPY,2287.8,211
LPHYMFVKL,2799.6,201
MPSVLEKMEA,1804.2,927
APTRVVAAEM,1217.3999999999999,981
ALRVRNVTAVARGAA,1603.1999999999998,3421
LPPLALETTW,3346.8,1411
LPQHLTLRAQ,1209.6,3007
LDSSLRLRALQQMAR,1933.7999999999997,1549
YENLKYTVLL,2360.4,819
YAQMWSLMYF,4170.0,253
FLVKRTHLAV,1868.4,3504
AENLPGLLFW,4127.400000000001,2033
MEAQLLRQM,1658.4,3325
FPDTPEEKW,1827.0,2841
AEYKDCQSNY,3162.0,3044
SELRSDHPLL,1251.0,3542
RYGVTHSKLF,1638.6,3162
VEENHPFTL,1717.8,311
LEKQFSPYGW,2146.2000000000003,3605
MPLSHHTNL,1006.8000000000001,3043
FPQSNSPLED,1577.3999999999999,1879
LPDGGYPATF,2358.6000000000004,1939
LPNVYSPCM,3785.4,1543
GVLDAGYRGVLSALL,3730.8,279
NETEKRYETL,955.8,3557
FLLKQFHGL,2519.4,2675
VEGVYTHAF,1576.8000000000002,2323
FTLDPELSYSTDLRL,3043.2,2977
TELGRVPSHL,1245.0,4048
REAQEMLKY,1091.4,3917
LETSTHMWF,2345.4,2718
TTRNMRLYDGALYHG,1533.6,1591
MPVSTDLQYF,2881.8,68
LPELLRQQRF,1887.6000000000001,3420
YALSELKFW,3057.6,3357
YLKYTTGAEVPVTSE,1650.0,3179
REFVDYLYLA,2934.6,3352
HPTTQSMLF,1765.2,3912
TLGTAAHSY,1096.8000000000002,3183
LPLRYQTTAT,1294.8,114
RVFPDTPEEK,1021.1999999999999,2842
LERAFVEHLL,2134.2,3520
EENKSQDMF,1255.8,1757
LENFLKQLNY,2466.0,2069
REVTGLKPRF,1188.6,2752
FEHKNTTPRV,925.2,2406
TLNEQLCFSK,3955.8,2050
YERQVLAAY,1442.3999999999999,2200
SPNELPDGNF,1959.6,1678
QYLLSRWEAF,2827.8,2627
WHYDEDNPY,1592.3999999999999,4974
LTEMSMDAFY,2922.0,3217
EELTRKKLY,1020.0,3597
SYYHLAARL,1467.0,2945
LSVHRTPHY,966.5999999999999,2913
VYTRPQGGGY,904.8,3137
AETQHGTVLV,1146.0,1047
FPAYDMDMDE,2502.0,1651
FPGYALHHST,1197.0,3296
TETRKSFYF,1413.6,650
LPRLNALGSY,2068.2,2288
GLPGVQWYFTKTLDL,4051.8,1079
TEYRPSLLAF,2539.7999999999997,2629
YELPLDLEY,3116.3999999999996,4087
RQFPPQGLFF,2928.0,3946
GPGHEEPLPM,1405.8,1944
LPVYLSPGLF,3698.4,2789
QELTNTHKL,856.1999999999999,1829
LGAVMLLATLLAASS,3170.4,2654
LAHQVFETW,2055.6,2063
FELNPAFDF,3544.2,2045
AEYTAAKAL,1126.2,3168
MEFKRLFNTV,2622.6,1987
LEQWFGANY,2779.7999999999997,1508
MEEALKGLPL,2294.4,578
KLLSPLSHV,1570.8,3726
MPTVLEHLER,1532.3999999999999,2585
HPAETDLSF,1531.8000000000002,1687
GPTPELEEEM,1948.1999999999998,1569
YMTFRNLLMV,3703.7999999999997,2385
LEATLHSTL,1456.2,3295
LPTYLSSRAK,1086.6,917
GEYRLKGESR,875.4,3674
FELVNGPLF,3537.6,3967
KEMANKVRY,893.4000000000001,3901
GPVLPPQWFY,3454.7999999999997,1637
LSQYHVYVRAPARPD,1214.3999999999999,2692
RVLGFKSFY,2427.6,1375
NPTEPLPLF,3062.4,1628
RLEQWFGANY,2377.8,1509
HEHKSTWHY,1255.8,3596
AVRYGVTHSK,834.0,3163
AQLMEVTARW,2141.3999999999996,471
NPAQEDDQY,996.5999999999999,3944
NEVHAQFLL,2118.0,3604
HPDKVSLAY,1149.6,1753
MEYGSAPGPL,2021.3999999999999,3859
EVLFPDSVSK,1701.0,223
AEPPFGDSYV,2330.4,216
YVDLNLTLLK,2643.6000000000004,3761
VSVTERHEY,838.8000000000001,2981
SELQFLHDL,2448.0,3936
SELQTNPKL,1141.2,2442
PEAGDVPTW,2245.8,1731
AELFPPASPN,2080.2000000000003,1499
SSYAFTHRDF,1348.1999999999998,3805
QELVARLPF,2488.7999999999997,1329
SVLEHFKQK,1006.1999999999999,2453
FLFFMQGKGL,3222.6,3232
GERGELPFF,2530.8,3547
ASPLVVRARPPAVLL,2763.6000000000004,3642
QYDTNFQVDF,2794.7999999999997,3064
PPLALETTW,2896.8,1412
PADSLAARGY,1359.0,4191
HEMYWVSGV,2128.2,242
EETDLPPEEL,2174.4,1588
REHTALVSSV,1106.4,855
LETRAETWM,1694.3999999999999,3345
ATFRGLKVGY,1509.6,1452
LPYKDLPGY,1745.4,2214
ETWMSSEGAW,2716.8,3342
TVSLPSHLSR,1122.0,1811
TTSLLRATEK,948.6,1928
AVQTYVLSGY,2315.4,3355
NEFNLNQLH,1696.2,2865
SERLLLMAY,2362.8,2086
PLFSPMLLNF,4289.4,2879
LPEYGTLGLE,2588.4,3413
REFMPLQVY,2443.7999999999997,4090
VPNSLNVYF,2845.2000000000003,3810
MPMGVFQAN,2320.8,1719
EESRTLRVL,1188.0,1958
LEYKRLYALF,4479.0,148
SELTDTLDKF,2213.4,3903
SETKALPASY,1131.0,3114
TDFQPHQLW,2128.7999999999997,271
TEATVLRAL,1756.2,2458
FPPQGLFFY,3736.2000000000003,3947
YEYRVFLASL,3076.2000000000003,1528
GPLDGLYLTY,3385.8,2465
TLLAMDLGEL,3499.2,5536
KTMAMALSLV,2350.2000000000003,552
SPVYADLYF,3275.4,970
SELKPPLLEV,2223.6000000000004,1907
AEALRAANF,1381.2,3667
GESRKTFVEL,1359.6,2504
NLHTALTQV,1312.2,3461
RTLGEESVRY,1062.0,3506
HWGNDRKHVF,1674.6,1547
DETETRKSF,800.4,1219
EEAAPHRNAY,801.5999999999999,2929
LEVWFTRHLL,4053.0,4062
AETKPTFYV,1675.8,3871
LPEDPDDVLF,2940.6,3139
HPSLNAYLF,2314.2,3786
LSELFASHLL,2854.2,5691
FPGRDREYTL,1473.6,2206
VQTYVLSGY,2233.2,3354
DLQTALEQGF,2010.6,5834
KESETDLMV,1447.8,3957
LPYLPDVPDL,3429.6,1389
LYVLAMEPNL,3243.0,3948
MERYQLAVTL,2224.2,2972
KMSPGYVLGL,2229.6,868
RVDTQAAALY,1303.1999999999998,2475
FPDSVSKLL,2185.2000000000003,777
KERMVTFKV,1465.8,3371
MANLRDFLY,2659.2,3790
LEFMAQPLSL,3231.6,3434
VEARSLFPY,2041.2000000000003,2733
FETYQLWTAL,3693.0,381
QEGLRVLTQY,1788.0,1959
LEPPFGDSYL,2961.0,680
AERASESYF,1318.1999999999998,3666
VSSEALDSY,1454.3999999999999,4046
RFELNPAFDF,3210.6,2044
MSFEVNLGR,2007.0000000000002,2859
EEYAALNFL,3020.4,1691
TESVKDEPPL,1230.6000000000001,3739
YPLLGNLDLT,3103.2,3312
NAVTSDTTW,1716.6,4049
AENAAWGTEG,1376.4,1934
SEYQKSVYF,1581.0,505
RPMPGTRKVM,1050.0,3445
WEGGHDLTV,1659.0,3565
SETQHGTLL,1160.4,358
SSLKNLFAALMESYP,4533.6,2690
PTVLEELEK,1816.2,2584
EPTVCSNAY,4251.0,2535
AEMEEALRG,1159.2,149
LFSPMLLNF,4054.7999999999997,2878
SSGAWNLLK,1681.8000000000002,2546
METLLLLGLM,4430.400000000001,293
KEENMVKSL,1050.6000000000001,3427
EELPETMETL,2477.4,2440
RTYTTLLNR,1101.0,3788
RVMDLWDPR,1829.3999999999999,2260
REFVDYLYL,3107.4,3350
AEYHLDVPL,1969.2,199
RPLSEKEENM,864.6,2142
GEAMATGEAL,1588.8,3641
MELTSVFSQ,2484.0,2849
NEYAPDLGF,2591.3999999999996,3011
FLHDLENFL,3208.2,3938
KLALLTVSGL,2580.6,3819
FPLGHAGCLE,4343.4,3740
SEFFEDFDF,3712.2,2697
NELLMSRDL,1792.8,3252
LEVWFTRHL,2566.2000000000003,4063
TPPGATDPF,1880.4,1439
TMAMALSLV,3064.7999999999997,1296
KENLAAYKF,1311.6,1407
LMVTPLLVFV,4490.400000000001,3951
SLVMLLVHYA,3582.6,282
AYSGVMNTF,2253.0,3244
SPGLVFGPW,3420.6,3320
NEHLTLLQF,2548.7999999999997,2803
AETDLSFFEL,3473.4,1689
GELLRPNLDL,2268.6000000000004,3185
VYGERGELPF,2059.2,3546
MPVSTDLQY,2077.8,244
KETNDVDFLL,2417.4,3893
SFFDSSFAPY,3649.7999999999997,1462
AETQHGTVL,920.4,104
YLSSRAKLA,945.0,1181
SELLLAHYL,2634.6,2250
KSDFNTLTY,1623.0,3238
LETVSLGTKL,1843.1999999999998,1501
QEDVDFTNL,2403.6000000000004,1155
VWSGNRGGY,1160.4,2233
HESRLSSAL,1044.6,1425
RPASAWTLY,2021.3999999999999,41
LENLEYTVVV,2748.0,3106
LLLTHYALL,2679.6,545
FPVKLRQSRL,1707.6000000000001,3216
YPLLGNLDL,3301.8,3313
LEKKLTQWL,1950.0,2942
AERYFAAAL,1873.1999999999998,3896
SETFSMGLL,3070.2000000000003,2377
LPERSWNTGF,1812.6000000000001,1965
LPGDLNYNPF,2887.2,3304
RVSSEALDSY,1174.2,4045
AVSSVQFYEY,2372.4,2173
YLPHLELSAV,2461.2000000000003,2701
QEYANGLFSY,2686.2000000000003,2266
TLMAALLAYT,3803.4,210
AELLRVTSLL,2692.2,1518
RQALRMSGQY,1028.4,1660
DETLATGTF,2175.6,1478
LPELWTTAF,3681.0,3458
NEAVLDPLL,2866.8,2155
VEESRTLRVL,1256.4,1957
SEVTVDASW,2172.0,2632
LQYDTNFQV,2328.6000000000004,3065
ALSLLSNTY,2628.0,318
YELPLDLEYL,3752.4,4089
ALMDTVKLV,2294.4,2702
AESEVVMSDV,1851.0,3548
TEEEFGNAL,1914.0,4053
NELPFSVYLL,4010.9999999999995,3532
LPDYGELTLD,2742.6,3653
AEEGLDVSDV,1821.0,2680
LLQFLAPSNPRLRFE,2734.2,3496
ALGSYTARV,1271.4,2289
GEASVVQTF,1937.3999999999999,3101
QLVLPNRGPTVALMR,1893.6,3563
QTLMRELLAK,1536.6,3863
RYGFGSLSF,2536.2000000000003,2146
TQAAALYEY,1882.2,2473
VESWEELPYL,3429.6,2745
SSLPLALYY,3036.0,988
YETLLPALGL,3789.0,2574
KEEESEGAL,835.2,1984
SENETADEFL,2217.0,2131
LSELFASHL,2392.2,5692
TETWSFLPSL,3754.2,4084
SENETADEF,1420.2,2132
KLFFKYLPHL,4498.2,2549
FPLSRYLVG,2550.0,3300
NEFLKLVLPL,3569.4,1943
LENSTANVSL,1562.3999999999999,541
LESPNDVTY,1635.0,1702
RDLLQHVRALRQTLT,4500.0,2051
ELMMTTLGVV,3121.8,845
PLNEGLMAL,2719.2,315
MMLLPAALA,3240.0,401
AEAAFTAENL,2092.8,1659
KLRDVYTQL,1563.6,1533
REFVSSSSSS,808.8000000000001,3630
MEPSFGLLL,3626.3999999999996,1953
NEFPLNPTS,1987.8000000000002,2450
SETDLMVSAY,2305.8,3956
LPEDPDDVL,2251.2000000000003,3138
PVSTDLQYF,2604.6,393
QELAAYTATG,1441.8000000000002,2736
YETYNNGEV,1336.8000000000002,3619
MEVTARWLW,3420.0,791
YLARGGFVV,1851.6,1758
KLSMGLLAL,2727.6,2951
SEVLFPDSVS,2362.2,950
SDLGSETSLY,1945.8,1850
NELPDGNFF,2730.6,1677
NERATRAYF,1078.1999999999998,3234
EPLGNADTW,2088.6000000000004,2247
LEVVHARVY,1233.0,3623
NEWKHFRVL,3085.8,3558
AENLPGLLF,3432.0,2032
GEAQTAGYL,1597.8,2011
TPSENLLTY,2172.6,3880
LPNHGVTAT,800.4,3865
GSSYTQLTNRYADRV,1393.1999999999998,2927
GEDLNTDTAL,1737.6000000000001,3767
GELGAVTLDF,3077.4,1634
VEETNMLTL,2439.0,585
YPTLFYMLEA,3972.0,2219
FPGSTRVKNL,1215.6000000000001,1948
AELDVLEADL,3106.2000000000003,3069
YELRSEVTM,1506.6,2437
REVASLARLL,2346.0,3611
REANEELNL,1318.1999999999998,1851
SEFADLSTV,1617.6000000000001,1392
AQFDLLLGTY,3459.0,1605
ALPGLLFTL,4075.8,3524
EEYTDYMPSM,2547.6,394
HELVSLPSV,1958.4,3409
EPELDWSVL,3318.6000000000004,2062
YMREHTALV,1162.8,1205
KEKVVGRLL,1269.6,2039
AELAMATTV,2007.6000000000001,1921
LPGGGTLHL,1719.6,3892
GELGALALDF,3323.4,1502
VEETNMLTLL,3145.8,328
NEGLMALGL,2930.4,1078
NELPFSVYL,3716.3999999999996,3531
GEAFTSTYL,2362.8,1747
SEALSLLSNT,2433.6000000000004,525
TLTGELGAV,2013.6000000000001,1525
REVASLARL,1320.6000000000001,3612
VATTFLTPM,2574.0,957
KLSMGLLALA,2669.4,2948
MASSALLWM,3370.8,1112
VATTVLTPM,2061.6,1891
LEKASLLEV,1771.8000000000002,2333
SELDVQGAL,2018.4,1646
LLLEYKRLYA,2221.2000000000003,811
VTLGLSSRA,1501.2,4323
HVYLQASTGYGLARL,2199.0,2170
GLVSLLGSA,2857.8,1251
RTLSSRVWVF,2618.4,4094
VSELLLAHY,2248.2,2252
VLASDLATV,2014.2,3837
HEAPFDLLL,3294.6,3335
LEGLFFVSSF,3922.2000000000003,3026
ATYVRNNHK,802.1999999999999,1999
LMDPESLTV,2484.6,3874
RVWVRVMLK,4483.2,2661
QEDDFGNLL,2804.4,3262
YMARTLRPV,1194.6,1640
MLAGVLFTFV,4396.2,160
LSELLLAHY,2179.7999999999997,2356
LETAFANLY,2749.7999999999997,2772
MLMLQKFFA,3368.4,4058
LANQAAVLM,2026.2000000000003,1149
ALWSGLFPL,4285.2,2079
ELEGKLTDL,1512.0,4658
EEALKGLPL,2091.6,1299
ALWDVPSPA,2736.6,1485
LLAVVSVSPL,3082.8,2271
VSVYQSLGRVRLLLL,4575.0,4086
YLSSRAKLAL,1428.0,35
GSSLPLALY,2797.2,1132
STFSTLSVVY,2757.6,3873
VLAYLSSVY,2844.0,3953
VYYKDVLVSTAWAGS,2455.2000000000003,1845
METLLLLGL,4134.599999999999,995
SLEQSPAVL,1852.2,6746
ALMRKALRARLPGSS,2221.2000000000003,5829
LTELLMVAL,3820.2000000000003,4537
GEQALRQLL,1956.0,4982
VTQQVNPLF,3229.2,4939
FLARDLEEL,2356.8,1353
ELGLQVHSV,1493.4,4927
ASTFFTVTTY,1339.2,5447
KELLLPVFK,4246.8,4422
LEAAFRGRLL,1816.8000000000002,2603
REEEELNL,1182.0,6311
NSSSGVSPLY,1158.0,5355
QMSAFMNALAAERG,2308.2,2676
LLAMDLGEL,3395.4,5535
KADLDKAVQ,1578.6,5248
TCLENHPHKL,867.6,5545
EWASLWKQL,2115.6,6593
RVLALGLPVP,2367.0,6212
VCLSHLNDL,1450.8,4515
VDYNTRFS,1341.0,4807
TGMLGRLVFA,2547.6,4333
LTATPVGLTL,2834.4,5759
EDDSEPLNY,1191.0,5563
QTSLAYARL,1516.8000000000002,4304
LTLMLAASPL,3231.6,5022
LSFDGLYGL,2782.2,5025
LAAGKELLW,3411.0,5985
DLKEERTAL,1993.7999999999997,5055
TFGELKTVRL,1393.8,4147
LDTLETLML,3433.2,6834
DGQWDLSNYH,1773.0,5260
LEDTFQQYV,3213.0,6698
HLPSQAHLY,1207.2,4210
VPGEDLLTF,3135.6,5150
EALQARMFV,2055.0,4452
LPDSVLFEYF,3213.0,4903
VYGSLPAFLK,2251.8,5930
EEGESLLCLA,3090.0,5599
PVRPEVPDA,3213.0,5202
ESSLLTSEL,2268.6000000000004,4373
EVEASHLALA,1662.6000000000001,4848
SRGQGATAAQ,1179.0,6688
TESLDLCLLP,4392.0,6753
GLLPFNAPS,2755.2000000000003,6284
LDGEFKEL,2930.4,5948
HYDQENPYW,1518.0,4358
FLANPTTSA,1944.0,5008
LDNERHEVQ,850.8,4711
SEEELLPATRGM,2922.6,5530
EVSAAWQAL,2428.2,2919
WLAGMLTVAW,2529.6,5371
DMFLNASKN,3077.4,4817
FLWAEVSFF,2473.7999999999997,4861
ETEEAAHSV,866.4,4198
KMKSSLSQGL,1876.2,4171
LLDGGANPL,1753.8,4688
ESVKKPQTLM,3538.7999999999997,5023
EYGSAPGPL,1755.6000000000001,5138
LSLSLKNPL,1987.8000000000002,5243
WTLEMDVAL,3124.2,4904
VLEKDLSVQ,2417.4,5000
LCSNLATLNL,1991.3999999999999,6457
PTLSQSNTF,891.0,4394
NYHSELLAL,2361.0,6638
LNPERTVM,1036.2,5823
APTQLLKWP,2096.3999999999996,4181
HLEKLMEVN,1713.0,4513
EVDLFELLKVS,1602.0,4852
KYKLLPEYPGVLSD,1987.1999999999998,5117
RTPLDQPVDL,1855.2,4790
ELLEEVGGDL,2356.2000000000003,5396
SLDEQEYEA,1370.4,4240
TLEEMNFLL,3215.4,5250
PLEPPVPPME,1970.4,6774
EHLADKLL,1608.6,4988
LEELRGQYLKA,1980.6,4677
YLYVYKNVS,3969.6,4733
VTLGNMLSSLL,2697.6,6479
GEENEQVVF,1707.0,5397
KFFAKLLLPLLNQ,3957.0,5898
LYMDTGEEL,2482.2,5342
RSVGVGDDPV,976.1999999999999,5134
PSASLDFLWA,3595.8,4615
FLDLDTQPVL,2604.6,4386
TDMNRHHY,932.4,4405
ATGSWAGSLSFF,2965.2000000000003,5101
QEDGLLVLC,4572.599999999999,4573
TLSPEMLTV,3440.4,6060
QEATPRASKGA,1513.8,4691
GLSPLASRY,1350.6000000000001,5593
LSALTAVVP,2342.4,5770
LSSFESGKF,1368.0,5746
EELARKLE,1613.4,5727
ASGAHQPPQT,1636.2,6421
SSLSLTSLF,2684.4,5950
TCGLLQVTLL,3285.0,5645
NHLETLGKLREELG,1212.0,4800
RRRCLESSV,1021.8000000000001,4459
SHVVTATFPY,938.4000000000001,4981
RGMFTLFSY,2620.8,2404
LEAKYLFPL,3199.7999999999997,5164
LYHPAQLLLG,1828.8,5666
HTEKPLYVQ,1027.8,5587
QEEMKRL,2629.7999999999997,3440
ASVSARVQM,1273.1999999999998,4317
LDTDHAPKLL,1447.2,4972
RYAGGPRP,1833.0,6614
FPNFEHLAY,2553.6000000000004,4591
VSWCFLNY,1866.6,5034
LSAPLMSRFDL,3933.6000000000004,5690
PGTFSDGTK,1149.6,5012
EAEEKSLLT,2293.7999999999997,5153
LYVLAMEPNLV,4257.0,4740
CTLQFQELLR,2059.7999999999997,4964
GQPHKQVVEN,1785.6000000000001,4949
ELQSERQR,1387.8,5416
LRPEEYFL,1992.6000000000001,4479
EGAGENWEPR,1240.8,4626
KDDDADYAR,2830.8,5370
LQEHVNETM,2896.2000000000003,5181
GPVEGAFSVY,2284.7999999999997,4483
VCHTAVTQ,950.4,5120
NYNEEVADLK,2526.6,6665
STESLHGYSL,1254.0,4561
RDLLNCHVY,1312.8,4583
DLDAGAHLYL,2358.0,4683
QMPSYSLSL,2646.6,4882
KSFTTTLPW,3246.0,5204
WRAALLYY,2773.2,6807
LPVLLMQLF,4370.400000000001,6191
LNLTSVELR,1001.4000000000001,4784
LTHGAETLT,1209.6,4389
LPLLQQCQVV,3034.7999999999997,4450
KNNMRATL,1989.0,5798
EATKPEFNN,1144.2,4201
LETAMRFSPD,1642.8,4255
RFRYNHFK,1845.0,6653
ETKHSEFLA,2778.0,5825
LWSLGLTAL,3675.0,5492
LGEFEKELE,1337.3999999999999,5312
TLQFGELNL,2049.0,6472
EVMKADLRLA,1101.6,5265
NDMLKEFLS,1897.8,6765
QEGLREVFS,1394.3999999999999,5678
LNASRAVKCLLPLYQS,3333.6000000000004,6048
LNLEDETQDL,1344.6,4680
NYSNLVSVGY,1412.3999999999999,4757
ESLFRVFHGT,3859.2,6151
LPTFMSLY,1138.8,6023
RVAALLQGVY,2835.6,5386
QETKELQ,1623.0,6668
YATQTVGPWN,1661.4,4235
KELEFQQML,2406.6,6166
KFQTHFTF,890.4,5717
EVNGFDPLF,2862.6,5139
GETYLHEGL,1411.2,4523
WQVTLVMAW,2565.0,5646
EENRQKLSL,2044.8,6258
PLDPTAQLRL,2794.7999999999997,5131
SLPWASQK,1050.0,5321
LENLRRKHN,1566.0,5596
MVGERYRDLL,1976.3999999999999,4589
RHQQLKNF,1884.0,4337
HVDRSDFFTS,1816.2,6024
FPEDPQHLG,1759.2,5362
YFSAEGFRNTLRGL,1392.0,4632
KSLSVFLNPD,2472.0,4736
LPLGTVALP,3029.4,5902
DLVTLLAQF,1477.8,5156
FTTPDVDVL,2929.7999999999997,5724
EELLGRYVG,1955.4,4908
VAYFVPMSK,809.4,4109
VEVENFVLR,2203.7999999999997,5052
LQPGYPALAS,2519.4,6363
PLKSFKEM,1639.8,5258
NNAQVTGALL,1267.2,4581
RPAAGSFAAV,2201.3999999999996,5688
EVEKHETAV,1312.2,4762
PARSATGVLL,2083.7999999999997,4804
LCGGSVLTPLW,4040.9999999999995,5503
RRSQSFNN,2274.0,4673
GLMDQFLSL,3079.7999999999997,5439
AAGYRLNDGF,1930.2,3042
PALSATLLLT,3057.0,5765
VYVLTKHKHLPGLLH,4488.0,4032
LVSQEHLLL,2139.6,4987
GDAVQTPQLY,1931.3999999999999,6409
GSLLENPHW,1780.2,4156
LPDSVLFEY,2379.0,4902
HEADVGLAGV,1095.6000000000001,4593
QSLMEWFVS,2826.0,4815
PEAMHPWEL,2619.6,6663
AFSYYGPLR,2182.2,6480
LYQREWQR,1086.0,5549
LMDEFKVDLR,2319.0,5251
ETLGVPCFL,4020.6000000000004,4849
LAEKADRRE,1249.2,4795
TPFNDNQW,1816.8000000000002,4420
YFSRNGYNY,1504.8,5029
QSNAPLMNLE,1537.8,6817
PRRAHFWLH,3309.0,6600
LWGFLRWRKGVQ,1836.0,5110
EEAYMVSELL,2924.4,5340
LSLLHSPGNLGK,4458.0,6376
TDVHVVYDT,1110.0,4662
DAFTTQWLVR,1881.6,4960
TFQKLWFT,3554.4,6128
AGLQMYLCNR,1645.8,5493
DQNRSKLKLY,3792.0,4734
AERVERLMCTG,1594.2,4826
SSADDLLVYR,1402.8,4704
EAPPAAGLGYD,2103.0,6760
LEALSKQCNK,1524.0,4916
GPELLSDTY,2145.0,4847
MELLQLASLDSD,3542.4,6545
RGLPYADHNY,844.2,4272
FSGDVLCVW,3448.7999999999997,6246
ESVDQYRKQ,2471.3999999999996,5363
SLCSTGSLGSLG,3313.7999999999997,6591
WMTHEEMESL,2319.6,6522
AFRVDGDSPES,1536.0,5831
AEPEPGEPLL,1996.2000000000003,4763
TLYNGKLGSW,2251.8,4771
YEFGPALFLG,2124.0,5385
KTLDYNPSVLK,2703.0,4665
FLEALGFSW,979.8,4369
APGAPGPPPPPHA,2704.2,5088
LYSNLLHST,2565.6,4926
VYTCSVSNALG,3079.2,4482
YTPFPPPQPE,2799.0,4819
MEMRKNFL,2869.7999999999997,5628
AASRPLSRFW,3079.7999999999997,4455
DTAWDELKLT,2510.4,4465
EEKYLRQQ,1555.8,4906
